1636377479000,Person-1,0001,50.45543027,30.34161178,128.8,0,0,0
1636377483000,Person-1,0001,50.45538782,30.34164830,130.9,0,0,0
1636377487000,Person-1,0001,50.45534656,30.34168864,131.9,0,0,0
1636377491000,Person-1,0001,50.45530670,30.34173571,131.9,0,0,0
1636377495000,Person-1,0001,50.45526797,30.34178784,131.7,0,0,0
1636377499000,Person-1,0001,50.45522680,30.34183932,131.6,0,0,0
1636377503000,Person-1,0001,50.45518668,30.34189490,131.7,0,0,0
1636377507000,Person-1,0001,50.45515040,30.34194819,131.7,0,0,0
1636377511000,Person-1,0001,50.45511078,30.34199966,131.3,0,0,0
1636377515000,Person-1,0001,50.45506438,30.34205058,131.4,0,0,0
1636377519000,Person-1,0001,50.45502336,30.34210618,131.7,0,0,0
1636377523000,Person-1,0001,50.45498609,30.34215660,131.9,0,0,0
1636377527000,Person-1,0001,50.45495013,30.34221688,131.5,0,0,0
1636377531000,Person-1,0001,50.45491139,30.34227092,131.2,0,0,0
1636377535000,Person-1,0001,50.45486243,30.34229335,130.9,0,0,0
1636377539000,Person-1,0001,50.45481652,30.34225367,130.7,0,0,0
1636377542000,Person-1,0001,50.45477937,30.34220550,130.7,0,0,0
1636377545000,Person-1,0001,50.45474193,30.34215665,130.7,0,0,0
1636377549000,Person-1,0001,50.45470006,30.34210227,130.6,0,0,0
1636377553000,Person-1,0001,50.45465183,30.34204415,131.3,0,0,0
1636377556000,Person-1,0001,50.45461248,30.34199554,131.5,0,0,0
1636377560000,Person-1,0001,50.45458409,30.34193740,131.1,0,0,0
1636377564000,Person-1,0001,50.45455918,30.34186998,131.2,0,0,0
1636377567000,Person-1,0001,50.45454888,30.34179641,131.2,0,0,0
1636377570000,Person-1,0001,50.45454613,30.34172182,131.4,0,0,0
1636377573000,Person-1,0001,50.45454132,30.34164267,131.3,0,0,0
1636377576000,Person-1,0001,50.45452753,30.34156475,131.4,0,0,0
1636377579000,Person-1,0001,50.45451288,30.34149368,131.7,0,0,0
1636377584000,Person-1,0001,50.45451114,30.34140750,131.1,0,0,0
1636377588000,Person-1,0001,50.45452468,30.34133490,131.1,0,0,0
1636377591000,Person-1,0001,50.45455419,30.34127095,131.9,0,0,0
1636377594000,Person-1,0001,50.45458436,30.34121024,133.0,0,0,0
1636377598000,Person-1,0001,50.45462065,30.34114306,132.8,0,0,0
1636377602000,Person-1,0001,50.45463047,30.34106434,131.1,0,0,0
1636377605000,Person-1,0001,50.45462616,30.34098985,130.1,0,0,0
1636377609000,Person-1,0001,50.45462113,30.34091796,129.3,0,0,0
1636377614000,Person-1,0001,50.45461869,30.34083393,128.4,0,0,0
1636377619000,Person-1,0001,50.45461240,30.34074756,127.9,0,0,0
1636377623000,Person-1,0001,50.45461353,30.34067603,127.4,0,0,0
1636377627000,Person-1,0001,50.45460939,30.34060551,127.0,0,0,0
1636377631000,Person-1,0001,50.45459955,30.34052865,126.1,0,0,0
1636377635000,Person-1,0001,50.45458799,30.34044799,125.9,0,0,0
1636377639000,Person-1,0001,50.45458230,30.34036596,125.8,0,0,0
1636377642000,Person-1,0001,50.45457280,30.34029159,126.2,0,0,0
1636377646000,Person-1,0001,50.45456115,30.34021008,126.7,0,0,0
1636377649000,Person-1,0001,50.45455231,30.34013390,127.1,0,0,0
1636377653000,Person-1,0001,50.45454732,30.34004716,127.5,0,0,0
1636377657000,Person-1,0001,50.45454270,30.33997210,128.1,0,0,0
1636377661000,Person-1,0001,50.45453973,30.33989075,128.0,0,0,0
1636377664000,Person-1,0001,50.45453269,30.33980720,128.4,0,0,0
1636377668000,Person-1,0001,50.45452029,30.33971670,128.8,0,0,0
1636377672000,Person-1,0001,50.45451237,30.33963295,128.9,0,0,0
1636377676000,Person-1,0001,50.45451184,30.33955876,128.5,0,0,0
1636377680000,Person-1,0001,50.45450371,30.33947433,129.0,0,0,0
1636377684000,Person-1,0001,50.45449463,30.33938656,129.3,0,0,0
1636377688000,Person-1,0001,50.45448701,30.33930378,129.6,0,0,0
1636377692000,Person-1,0001,50.45447508,30.33920889,129.8,0,0,0
1636377695000,Person-1,0001,50.45446323,30.33911433,130.3,0,0,0
1636377698000,Person-1,0001,50.45445138,30.33902823,130.9,0,0,0
1636377702000,Person-1,0001,50.45444212,30.33894119,131.6,0,0,0
1636377707000,Person-1,0001,50.45442478,30.33885448,132.2,0,0,0
1636377711000,Person-1,0001,50.45441615,30.33877105,132.2,0,0,0
1636377715000,Person-1,0001,50.45440395,30.33868286,132.7,0,0,0
1636377719000,Person-1,0001,50.45438877,30.33859862,133.8,0,0,0
1636377722000,Person-1,0001,50.45437647,30.33851887,135.0,0,0,0
1636377725000,Person-1,0001,50.45437073,30.33843428,135.7,0,0,0
1636377729000,Person-1,0001,50.45437088,30.33836031,135.8,0,0,0
1636377733000,Person-1,0001,50.45436159,30.33828634,136.2,0,0,0
1636377737000,Person-1,0001,50.45435599,30.33821095,136.1,0,0,0
1636377742000,Person-1,0001,50.45435746,30.33812512,135.3,0,0,0
1636377746000,Person-1,0001,50.45435131,30.33803398,134.8,0,0,0
1636377749000,Person-1,0001,50.45434750,30.33796189,134.6,0,0,0
1636377752000,Person-1,0001,50.45434081,30.33788656,134.6,0,0,0
1636377755000,Person-1,0001,50.45433517,30.33781241,134.8,0,0,0
1636377760000,Person-1,0001,50.45434244,30.33773079,134.6,0,0,0
1636377764000,Person-1,0001,50.45434564,30.33764615,134.7,0,0,0
1636377767000,Person-1,0001,50.45435271,30.33756394,135.0,0,0,0
1636377770000,Person-1,0001,50.45436858,30.33749056,135.3,0,0,0
1636377774000,Person-1,0001,50.45439088,30.33742505,135.2,0,0,0
1636377779000,Person-1,0001,50.45441641,30.33734875,134.6,0,0,0
1636377784000,Person-1,0001,50.45444533,30.33728178,133.7,0,0,0
1636377788000,Person-1,0001,50.45447184,30.33721713,133.2,0,0,0
1636377793000,Person-1,0001,50.45449333,30.33714122,132.7,0,0,0
1636377798000,Person-1,0001,50.45451940,30.33707546,131.9,0,0,0
1636377804000,Person-1,0001,50.45454400,30.33699960,130.8,0,0,0
1636377809000,Person-1,0001,50.45456202,30.33692938,129.5,0,0,0
1636377815000,Person-1,0001,50.45458628,30.33685980,129.0,0,0,0
1636377820000,Person-1,0001,50.45461682,30.33679842,128.6,0,0,0
1636377825000,Person-1,0001,50.45464119,30.33673388,128.0,0,0,0
1636377830000,Person-1,0001,50.45467812,30.33668837,127.2,0,0,0
1636377835000,Person-1,0001,50.45472105,30.33665095,126.2,0,0,0
1636377840000,Person-1,0001,50.45476690,30.33660875,124.8,0,0,0
1636377845000,Person-1,0001,50.45481285,30.33655966,123.4,0,0,0
1636377850000,Person-1,0001,50.45485628,30.33650772,121.8,0,0,0
1636377854000,Person-1,0001,50.45488519,30.33644777,121.2,0,0,0
1636377858000,Person-1,0001,50.45491478,30.33638752,121.0,0,0,0
1636377862000,Person-1,0001,50.45493912,30.33632784,121.4,0,0,0
1636377867000,Person-1,0001,50.45496718,30.33625478,121.6,0,0,0
1636377873000,Person-1,0001,50.45500049,30.33620490,123.1,0,0,0
1636377878000,Person-1,0001,50.45502546,30.33613652,125.5,0,0,0
1636377883000,Person-1,0001,50.45506029,30.33608198,128.0,0,0,0
1636377890000,Person-1,0001,50.45509518,30.33602551,129.4,0,0,0
1636377899000,Person-1,0001,50.45512989,30.33596815,130.1,0,0,0
1636377905000,Person-1,0001,50.45516403,30.33591885,129.3,0,0,0
1636377911000,Person-1,0001,50.45519862,30.33587150,128.1,0,0,0
1636377917000,Person-1,0001,50.45522530,30.33580525,127.4,0,0,0
1636377923000,Person-1,0001,50.45525028,30.33573578,128.0,0,0,0
1636377929000,Person-1,0001,50.45527845,30.33567401,127.7,0,0,0
1636377948000,Person-1,0001,50.45529707,30.33560660,128.9,0,0,0
1636377953000,Person-1,0001,50.45531555,30.33554194,129.2,0,0,0
1636377959000,Person-1,0001,50.45534372,30.33547572,129.7,0,0,0
1636377965000,Person-1,0001,50.45537779,30.33541392,129.6,0,0,0
1636377971000,Person-1,0001,50.45541147,30.33536098,127.7,0,0,0
1636377977000,Person-1,0001,50.45543325,30.33529554,127.0,0,0,0
1636377984000,Person-1,0001,50.45545670,30.33522012,126.9,0,0,0
1636377989000,Person-1,0001,50.45547684,30.33515261,128.3,0,0,0
1636378003000,Person-1,0001,50.45551469,30.33510307,131.6,0,0,0
1636378022000,Person-1,0001,50.45555151,30.33504696,134.5,0,0,0
1636378029000,Person-1,0001,50.45558066,30.33499219,135.4,0,0,0
1636378036000,Person-1,0001,50.45561989,30.33493565,135.1,0,0,0
1636378041000,Person-1,0001,50.45565038,30.33488290,134.0,0,0,0
1636378046000,Person-1,0001,50.45567851,30.33482162,133.1,0,0,0
1636378051000,Person-1,0001,50.45571273,30.33476417,133.7,0,0,0
1636378056000,Person-1,0001,50.45573946,30.33470336,134.6,0,0,0
1636378061000,Person-1,0001,50.45577354,30.33465512,134.4,0,0,0
1636378067000,Person-1,0001,50.45581135,30.33460678,134.3,0,0,0
1636378073000,Person-1,0001,50.45584529,30.33455483,133.8,0,0,0
1636378079000,Person-1,0001,50.45587734,30.33449982,133.4,0,0,0
1636378085000,Person-1,0001,50.45590267,30.33443992,133.1,0,0,0
1636378092000,Person-1,0001,50.45592742,30.33437748,133.8,0,0,0
1636378099000,Person-1,0001,50.45594033,30.33430579,133.5,0,0,0
1636378104000,Person-1,0001,50.45596538,30.33424137,134.2,0,0,0
1636378109000,Person-1,0001,50.45599587,30.33417750,134.9,0,0,0
1636378114000,Person-1,0001,50.45602874,30.33411289,134.3,0,0,0
1636378119000,Person-1,0001,50.45606315,30.33404747,132.7,0,0,0
1636378123000,Person-1,0001,50.45609761,30.33398095,132.2,0,0,0
1636378127000,Person-1,0001,50.45614231,30.33392590,132.8,0,0,0
1636378130000,Person-1,0001,50.45618115,30.33387364,134.1,0,0,0
1636378134000,Person-1,0001,50.45622305,30.33381443,135.1,0,0,0
1636378138000,Person-1,0001,50.45626346,30.33376230,136.0,0,0,0
1636378144000,Person-1,0001,50.45629280,30.33369440,135.8,0,0,0
1636378149000,Person-1,0001,50.45631317,30.33361954,135.7,0,0,0
1636378153000,Person-1,0001,50.45634642,30.33355986,135.2,0,0,0
1636378157000,Person-1,0001,50.45638886,30.33349400,135.6,0,0,0
1636378161000,Person-1,0001,50.45641910,30.33343900,135.7,0,0,0
1636378165000,Person-1,0001,50.45644600,30.33337265,135.3,0,0,0
1636378169000,Person-1,0001,50.45646709,30.33330276,135.6,0,0,0
1636378174000,Person-1,0001,50.45649826,30.33324211,135.3,0,0,0
1636378178000,Person-1,0001,50.45652286,30.33318278,135.1,0,0,0
1636378182000,Person-1,0001,50.45655165,30.33310537,135.2,0,0,0
1636378186000,Person-1,0001,50.45657530,30.33304434,134.7,0,0,0
1636378190000,Person-1,0001,50.45659102,30.33297186,134.7,0,0,0
1636378195000,Person-1,0001,50.45660562,30.33288530,134.8,0,0,0
1636378199000,Person-1,0001,50.45662949,30.33281544,135.3,0,0,0
1636378204000,Person-1,0001,50.45665494,30.33275028,134.7,0,0,0
1636378209000,Person-1,0001,50.45668360,30.33268858,134.0,0,0,0
1636378213000,Person-1,0001,50.45671048,30.33262959,134.1,0,0,0
1636378217000,Person-1,0001,50.45673382,30.33256226,134.0,0,0,0
1636378221000,Person-1,0001,50.45676992,30.33249220,134.8,0,0,0
1636378226000,Person-1,0001,50.45679985,30.33242619,135.0,0,0,0
1636378231000,Person-1,0001,50.45682378,30.33234925,134.1,0,0,0
1636378236000,Person-1,0001,50.45684659,30.33227707,133.3,0,0,0
1636378240000,Person-1,0001,50.45686816,30.33219892,133.5,0,0,0
1636378244000,Person-1,0001,50.45689702,30.33212534,133.7,0,0,0
1636378248000,Person-1,0001,50.45691857,30.33206056,133.1,0,0,0
1636378253000,Person-1,0001,50.45694015,30.33198839,132.4,0,0,0
1636378258000,Person-1,0001,50.45695812,30.33190632,132.2,0,0,0
1636378263000,Person-1,0001,50.45696380,30.33182965,132.5,0,0,0
1636378268000,Person-1,0001,50.45695762,30.33175501,132.7,0,0,0
1636378272000,Person-1,0001,50.45694466,30.33168667,132.3,0,0,0
1636378276000,Person-1,0001,50.45693402,30.33161664,132.2,0,0,0
1636378281000,Person-1,0001,50.45690581,30.33153667,132.0,0,0,0
1636378285000,Person-1,0001,50.45688041,30.33146472,132.7,0,0,0
1636378289000,Person-1,0001,50.45687185,30.33139548,131.9,0,0,0
1636378293000,Person-1,0001,50.45685889,30.33132269,131.7,0,0,0
1636378297000,Person-1,0001,50.45684660,30.33125288,131.5,0,0,0
1636378301000,Person-1,0001,50.45684065,30.33117114,131.5,0,0,0
1636378305000,Person-1,0001,50.45685600,30.33109188,132.1,0,0,0
1636378309000,Person-1,0001,50.45688526,30.33100679,133.2,0,0,0
1636378312000,Person-1,0001,50.45691260,30.33093597,134.7,0,0,0
1636378315000,Person-1,0001,50.45693990,30.33086586,136.3,0,0,0
1636378319000,Person-1,0001,50.45696942,30.33079174,138.8,0,0,0
1636378323000,Person-1,0001,50.45699763,30.33071649,140.4,0,0,0
1636378327000,Person-1,0001,50.45701906,30.33064732,140.6,0,0,0
1636378331000,Person-1,0001,50.45702781,30.33057575,139.5,0,0,0
1636378335000,Person-1,0001,50.45704881,30.33050978,138.9,0,0,0
1636378339000,Person-1,0001,50.45707492,30.33043663,138.4,0,0,0
1636378343000,Person-1,0001,50.45709600,30.33036913,138.2,0,0,0
1636378348000,Person-1,0001,50.45711955,30.33029092,137.4,0,0,0
1636378352000,Person-1,0001,50.45713712,30.33022321,136.9,0,0,0
1636378357000,Person-1,0001,50.45716715,30.33016034,135.7,0,0,0
1636378362000,Person-1,0001,50.45719514,30.33009426,134.9,0,0,0
1636378366000,Person-1,0001,50.45721757,30.33003276,133.0,0,0,0
1636378371000,Person-1,0001,50.45725011,30.32997748,131.3,0,0,0
1636378376000,Person-1,0001,50.45728175,30.32990388,130.7,0,0,0
1636378380000,Person-1,0001,50.45730993,30.32983862,130.4,0,0,0
1636378384000,Person-1,0001,50.45733620,30.32977975,130.4,0,0,0
1636378389000,Person-1,0001,50.45736750,30.32971726,130.1,0,0,0
1636378393000,Person-1,0001,50.45739789,30.32966092,130.4,0,0,0
1636378397000,Person-1,0001,50.45742272,30.32958982,131.1,0,0,0
1636378401000,Person-1,0001,50.45743270,30.32952006,130.8,0,0,0
1636378406000,Person-1,0001,50.45746787,30.32944680,129.8,0,0,0
1636378410000,Person-1,0001,50.45750401,30.32939009,129.5,0,0,0
1636378414000,Person-1,0001,50.45753780,30.32933650,129.4,0,0,0
1636378417000,Person-1,0001,50.45757310,30.32928437,129.4,0,0,0
1636378421000,Person-1,0001,50.45760734,30.32923203,129.0,0,0,0
1636378425000,Person-1,0001,50.45764079,30.32917436,128.8,0,0,0
1636378429000,Person-1,0001,50.45766835,30.32911041,128.7,0,0,0
1636378433000,Person-1,0001,50.45769372,30.32904003,129.2,0,0,0
1636378437000,Person-1,0001,50.45771725,30.32897765,129.8,0,0,0
1636378441000,Person-1,0001,50.45774607,30.32891862,130.6,0,0,0
1636378445000,Person-1,0001,50.45777010,30.32885644,131.3,0,0,0
1636378449000,Person-1,0001,50.45776845,30.32877583,131.1,0,0,0
1636378453000,Person-1,0001,50.45775045,30.32870106,131.5,0,0,0
1636378480000,Person-1,0001,50.45772859,30.32862734,134.7,0,0,0
1636378484000,Person-1,0001,50.45775816,30.32855994,135.4,0,0,0
1636378489000,Person-1,0001,50.45779610,30.32850208,134.8,0,0,0
1636378494000,Person-1,0001,50.45784807,30.32848258,133.7,0,0,0
1636378499000,Person-1,0001,50.45790273,30.32847107,133.4,0,0,0
1636378504000,Person-1,0001,50.45794929,30.32844772,133.6,0,0,0
1636378509000,Person-1,0001,50.45798467,30.32838699,133.8,0,0,0
1636378514000,Person-1,0001,50.45801906,30.32832559,133.0,0,0,0
1636378518000,Person-1,0001,50.45804898,30.32826235,132.7,0,0,0
1636378523000,Person-1,0001,50.45807862,30.32819248,132.5,0,0,0
1636378528000,Person-1,0001,50.45810174,30.32811180,131.9,0,0,0
1636378532000,Person-1,0001,50.45812271,30.32803390,131.9,0,0,0
1636378536000,Person-1,0001,50.45814367,30.32796410,131.6,0,0,0
1636378540000,Person-1,0001,50.45817071,30.32790374,130.9,0,0,0
1636378544000,Person-1,0001,50.45820115,30.32784613,130.7,0,0,0
1636378548000,Person-1,0001,50.45823121,30.32778846,131.4,0,0,0
1636378552000,Person-1,0001,50.45825836,30.32772194,131.5,0,0,0
1636378556000,Person-1,0001,50.45828375,30.32765319,131.7,0,0,0
1636378560000,Person-1,0001,50.45831346,30.32758496,130.6,0,0,0
1636378564000,Person-1,0001,50.45834595,30.32753480,129.0,0,0,0
1636378569000,Person-1,0001,50.45839048,30.32749900,126.9,0,0,0
1636378573000,Person-1,0001,50.45843418,30.32747250,126.7,0,0,0
1636378578000,Person-1,0001,50.45848252,30.32743271,126.5,0,0,0
1636378582000,Person-1,0001,50.45852021,30.32738536,127.0,0,0,0
1636378586000,Person-1,0001,50.45855572,30.32733164,127.2,0,0,0
1636378589000,Person-1,0001,50.45858587,30.32727746,127.2,0,0,0
1636378593000,Person-1,0001,50.45862312,30.32722259,127.4,0,0,0
1636378598000,Person-1,0001,50.45865571,30.32715030,126.7,0,0,0
1636378602000,Person-1,0001,50.45868068,30.32708670,126.5,0,0,0
1636378606000,Person-1,0001,50.45870257,30.32702068,126.6,0,0,0
1636378610000,Person-1,0001,50.45873347,30.32694911,126.9,0,0,0
1636378615000,Person-1,0001,50.45876458,30.32687835,126.3,0,0,0
1636378620000,Person-1,0001,50.45879278,30.32681291,125.2,0,0,0
1636378625000,Person-1,0001,50.45882904,30.32675194,124.4,0,0,0
1636378630000,Person-1,0001,50.45886659,30.32669546,122.7,0,0,0
1636378635000,Person-1,0001,50.45890635,30.32663725,121.2,0,0,0
1636378639000,Person-1,0001,50.45895020,30.32657220,121.0,0,0,0
1636378642000,Person-1,0001,50.45897806,30.32651393,121.8,0,0,0
1636378646000,Person-1,0001,50.45900295,30.32644742,121.9,0,0,0
1636378650000,Person-1,0001,50.45902649,30.32638144,122.5,0,0,0
1636378654000,Person-1,0001,50.45905111,30.32630018,123.3,0,0,0
1636378658000,Person-1,0001,50.45907508,30.32622349,124.6,0,0,0
1636378662000,Person-1,0001,50.45909375,30.32614279,125.9,0,0,0
1636378666000,Person-1,0001,50.45911082,30.32605615,127.5,0,0,0
1636378670000,Person-1,0001,50.45912210,30.32598027,128.6,0,0,0
1636378674000,Person-1,0001,50.45914255,30.32591621,129.0,0,0,0
1636378678000,Person-1,0001,50.45916002,30.32584799,129.9,0,0,0
1636378682000,Person-1,0001,50.45917521,30.32577774,130.0,0,0,0
1636378686000,Person-1,0001,50.45919220,30.32570591,129.9,0,0,0
1636378690000,Person-1,0001,50.45921253,30.32564163,129.8,0,0,0
1636378694000,Person-1,0001,50.45923285,30.32556937,129.5,0,0,0
1636378697000,Person-1,0001,50.45924852,30.32549633,129.2,0,0,0
1636378701000,Person-1,0001,50.45926618,30.32541032,129.1,0,0,0
1636378705000,Person-1,0001,50.45928808,30.32534489,128.8,0,0,0
1636378710000,Person-1,0001,50.45932376,30.32527951,128.5,0,0,0
1636378715000,Person-1,0001,50.45935963,30.32521670,127.9,0,0,0
1636378719000,Person-1,0001,50.45937331,30.32514791,127.2,0,0,0
1636378724000,Person-1,0001,50.45938655,30.32506406,126.5,0,0,0
1636378728000,Person-1,0001,50.45939445,30.32499096,126.2,0,0,0
1636378732000,Person-1,0001,50.45940156,30.32492075,125.9,0,0,0
1636378736000,Person-1,0001,50.45941368,30.32484672,125.8,0,0,0
1636378740000,Person-1,0001,50.45942873,30.32477228,125.4,0,0,0
1636378743000,Person-1,0001,50.45943402,30.32469581,126.1,0,0,0
1636378746000,Person-1,0001,50.45944206,30.32462461,127.0,0,0,0
1636378750000,Person-1,0001,50.45945013,30.32454292,127.2,0,0,0
1636378754000,Person-1,0001,50.45945645,30.32446599,127.8,0,0,0
1636378758000,Person-1,0001,50.45946288,30.32439043,128.2,0,0,0
1636378762000,Person-1,0001,50.45946807,30.32431368,128.7,0,0,0
1636378766000,Person-1,0001,50.45946937,30.32423810,128.3,0,0,0
1636378770000,Person-1,0001,50.45947076,30.32416764,127.9,0,0,0
1636378774000,Person-1,0001,50.45947752,30.32409512,127.2,0,0,0
1636378778000,Person-1,0001,50.45949033,30.32402442,126.4,0,0,0
1636378782000,Person-1,0001,50.45950141,30.32395332,125.3,0,0,0
1636378786000,Person-1,0001,50.45950288,30.32388109,125.0,0,0,0
1636378790000,Person-1,0001,50.45951398,30.32380600,125.2,0,0,0
1636378794000,Person-1,0001,50.45951916,30.32372777,124.5,0,0,0
1636378798000,Person-1,0001,50.45952970,30.32365307,124.4,0,0,0
1636378802000,Person-1,0001,50.45953857,30.32358258,124.3,0,0,0
1636378806000,Person-1,0001,50.45954749,30.32350807,124.4,0,0,0
1636378809000,Person-1,0001,50.45953872,30.32342339,125.2,0,0,0
1636378812000,Person-1,0001,50.45954411,30.32335283,126.4,0,0,0
1636378816000,Person-1,0001,50.45956873,30.32328566,127.1,0,0,0
1636378820000,Person-1,0001,50.45958713,30.32321547,127.9,0,0,0
1636378824000,Person-1,0001,50.45959885,30.32314683,128.6,0,0,0
1636378828000,Person-1,0001,50.45960164,30.32307177,130.1,0,0,0
1636378834000,Person-1,0001,50.45962633,30.32300095,130.4,0,0,0
1636378840000,Person-1,0001,50.45967542,30.32297619,129.8,0,0,0
1636378845000,Person-1,0001,50.45972220,30.32298917,129.4,0,0,0
1636378849000,Person-1,0001,50.45976641,30.32300859,129.3,0,0,0
1636378853000,Person-1,0001,50.45981123,30.32302655,128.9,0,0,0
1636378857000,Person-1,0001,50.45985929,30.32304931,128.7,0,0,0
1636378861000,Person-1,0001,50.45991102,30.32307222,128.7,0,0,0
1636378865000,Person-1,0001,50.45996228,30.32309144,129.1,0,0,0
1636378869000,Person-1,0001,50.46001067,30.32311086,129.3,0,0,0
1636378873000,Person-1,0001,50.46006479,30.32313093,130.4,0,0,0
1636378877000,Person-1,0001,50.46010877,30.32315567,130.6,0,0,0
1636378880000,Person-1,0001,50.46015648,30.32317961,130.9,0,0,0
1636378883000,Person-1,0001,50.46020469,30.32320874,131.6,0,0,0
1636378887000,Person-1,0001,50.46025857,30.32324408,132.5,0,0,0
1636378891000,Person-1,0001,50.46030316,30.32327288,133.0,0,0,0
1636378895000,Person-1,0001,50.46034781,30.32330332,133.2,0,0,0
1636378900000,Person-1,0001,50.46039350,30.32333713,133.2,0,0,0
1636378905000,Person-1,0001,50.46044386,30.32336643,133.9,0,0,0
1636378914000,Person-1,0001,50.46049265,30.32340429,135.4,0,0,0
1636378919000,Person-1,0001,50.46054043,30.32343952,135.2,0,0,0
1636378924000,Person-1,0001,50.46058412,30.32346841,134.7,0,0,0
1636378928000,Person-1,0001,50.46063363,30.32349463,135.2,0,0,0
1636378932000,Person-1,0001,50.46068217,30.32352336,135.8,0,0,0
1636378936000,Person-1,0001,50.46073274,30.32354981,136.6,0,0,0
1636378941000,Person-1,0001,50.46077086,30.32360620,136.0,0,0,0
1636378945000,Person-1,0001,50.46081008,30.32365257,135.9,0,0,0
1636378950000,Person-1,0001,50.46085999,30.32368524,135.8,0,0,0
1636378955000,Person-1,0001,50.46090820,30.32371981,135.4,0,0,0
1636378960000,Person-1,0001,50.46095924,30.32374970,134.7,0,0,0
1636378964000,Person-1,0001,50.46100283,30.32377647,134.4,0,0,0
1636378969000,Person-1,0001,50.46104935,30.32380323,134.2,0,0,0
1636378974000,Person-1,0001,50.46109493,30.32382561,133.7,0,0,0
1636378978000,Person-1,0001,50.46113763,30.32384816,133.5,0,0,0
1636378982000,Person-1,0001,50.46118517,30.32388187,133.3,0,0,0
1636378986000,Person-1,0001,50.46124083,30.32390470,133.5,0,0,0
1636378989000,Person-1,0001,50.46128375,30.32392810,133.8,0,0,0
1636378994000,Person-1,0001,50.46133405,30.32395884,134.0,0,0,0
1636378999000,Person-1,0001,50.46138089,30.32398886,133.3,0,0,0
1636379004000,Person-1,0001,50.46143270,30.32401837,132.6,0,0,0
1636379008000,Person-1,0001,50.46147895,30.32404433,132.0,0,0,0
1636379012000,Person-1,0001,50.46152507,30.32407277,131.4,0,0,0
1636379016000,Person-1,0001,50.46157819,30.32410638,131.6,0,0,0
1636379020000,Person-1,0001,50.46162641,30.32412842,131.3,0,0,0
1636379025000,Person-1,0001,50.46167706,30.32415472,130.9,0,0,0
1636379030000,Person-1,0001,50.46172967,30.32418569,130.8,0,0,0
1636379035000,Person-1,0001,50.46177779,30.32422444,130.9,0,0,0
1636379040000,Person-1,0001,50.46182699,30.32425051,131.0,0,0,0
1636379044000,Person-1,0001,50.46188151,30.32427691,130.9,0,0,0
1636379048000,Person-1,0001,50.46192493,30.32430358,130.8,0,0,0
1636379052000,Person-1,0001,50.46196832,30.32434204,130.0,0,0,0
1636379056000,Person-1,0001,50.46201401,30.32437902,129.6,0,0,0
1636379061000,Person-1,0001,50.46206497,30.32441393,129.1,0,0,0
1636379065000,Person-1,0001,50.46210522,30.32444861,128.8,0,0,0
1636379069000,Person-1,0001,50.46215493,30.32448228,129.2,0,0,0
1636379073000,Person-1,0001,50.46219579,30.32452301,129.3,0,0,0
1636379077000,Person-1,0001,50.46224298,30.32455081,129.2,0,0,0
1636379080000,Person-1,0001,50.46228627,30.32457048,129.3,0,0,0
1636379083000,Person-1,0001,50.46233375,30.32458884,130.0,0,0,0
1636379086000,Person-1,0001,50.46238120,30.32461070,130.7,0,0,0
1636379090000,Person-1,0001,50.46243239,30.32463885,131.6,0,0,0
1636379095000,Person-1,0001,50.46248286,30.32467582,131.4,0,0,0
1636379099000,Person-1,0001,50.46252571,30.32471169,131.1,0,0,0
1636379104000,Person-1,0001,50.46257336,30.32475475,131.1,0,0,0
1636379109000,Person-1,0001,50.46261981,30.32479988,130.9,0,0,0
1636379114000,Person-1,0001,50.46266664,30.32483750,130.1,0,0,0
1636379118000,Person-1,0001,50.46271453,30.32486031,129.9,0,0,0
1636379122000,Person-1,0001,50.46276800,30.32488441,130.3,0,0,0
1636379126000,Person-1,0001,50.46281624,30.32490741,130.8,0,0,0
1636379130000,Person-1,0001,50.46285635,30.32494046,130.8,0,0,0
1636379135000,Person-1,0001,50.46290252,30.32497993,130.5,0,0,0
1636379140000,Person-1,0001,50.46295262,30.32501282,130.1,0,0,0
1636379144000,Person-1,0001,50.46300021,30.32503501,129.7,0,0,0
1636379148000,Person-1,0001,50.46304936,30.32505104,129.0,0,0,0
1636379152000,Person-1,0001,50.46309539,30.32508754,128.6,0,0,0
1636379156000,Person-1,0001,50.46314184,30.32512671,128.6,0,0,0
1636379159000,Person-1,0001,50.46318287,30.32515685,128.8,0,0,0
1636379163000,Person-1,0001,50.46322970,30.32518819,129.3,0,0,0
1636379167000,Person-1,0001,50.46327099,30.32522739,129.6,0,0,0
1636379171000,Person-1,0001,50.46331049,30.32526999,130.4,0,0,0
1636379175000,Person-1,0001,50.46333852,30.32532516,131.0,0,0,0
1636379180000,Person-1,0001,50.46336530,30.32539529,130.7,0,0,0
1636379185000,Person-1,0001,50.46339513,30.32546431,129.6,0,0,0
1636379190000,Person-1,0001,50.46343733,30.32551550,129.3,0,0,0
1636379195000,Person-1,0001,50.46347190,30.32557672,129.5,0,0,0
1636379200000,Person-1,0001,50.46350952,30.32563884,129.3,0,0,0
1636379204000,Person-1,0001,50.46354972,30.32569345,129.1,0,0,0
1636379208000,Person-1,0001,50.46358214,30.32575751,129.8,0,0,0
1636379213000,Person-1,0001,50.46359582,30.32584157,131.1,0,0,0
1636379218000,Person-1,0001,50.46359369,30.32592155,131.9,0,0,0
1636379223000,Person-1,0001,50.46358016,30.32600359,132.4,0,0,0
1636379227000,Person-1,0001,50.46356897,30.32607385,132.7,0,0,0
1636379231000,Person-1,0001,50.46355445,30.32614606,132.3,0,0,0
1636379235000,Person-1,0001,50.46354737,30.32621978,131.9,0,0,0
1636379239000,Person-1,0001,50.46354435,30.32629148,131.2,0,0,0
1636379243000,Person-1,0001,50.46353968,30.32636322,130.6,0,0,0
1636379247000,Person-1,0001,50.46353428,30.32644468,129.9,0,0,0
1636379251000,Person-1,0001,50.46351740,30.32652693,129.9,0,0,0
1636379254000,Person-1,0001,50.46349666,30.32660133,130.4,0,0,0
1636379257000,Person-1,0001,50.46346944,30.32667814,131.1,0,0,0
1636379261000,Person-1,0001,50.46344163,30.32675234,131.8,0,0,0
1636379265000,Person-1,0001,50.46341978,30.32682259,132.1,0,0,0
1636379269000,Person-1,0001,50.46339963,30.32689080,132.1,0,0,0
1636379273000,Person-1,0001,50.46338721,30.32696061,131.9,0,0,0
1636379277000,Person-1,0001,50.46337432,30.32704402,131.7,0,0,0
1636379281000,Person-1,0001,50.46336238,30.32712362,131.8,0,0,0
1636379285000,Person-1,0001,50.46335109,30.32719689,131.9,0,0,0
1636379289000,Person-1,0001,50.46333652,30.32726968,131.7,0,0,0
1636379293000,Person-1,0001,50.46331865,30.32734236,131.8,0,0,0
1636379297000,Person-1,0001,50.46329518,30.32740877,131.8,0,0,0
1636379301000,Person-1,0001,50.46327880,30.32748033,131.6,0,0,0
1636379305000,Person-1,0001,50.46325911,30.32755322,131.6,0,0,0
1636379309000,Person-1,0001,50.46324043,30.32762469,131.1,0,0,0
1636379313000,Person-1,0001,50.46321781,30.32768824,130.7,0,0,0
1636379317000,Person-1,0001,50.46319657,30.32775766,130.4,0,0,0
1636379321000,Person-1,0001,50.46317302,30.32782312,129.7,0,0,0
1636379325000,Person-1,0001,50.46315329,30.32790045,129.6,0,0,0
1636379329000,Person-1,0001,50.46313393,30.32798362,129.6,0,0,0
1636379333000,Person-1,0001,50.46311118,30.32805967,129.9,0,0,0
1636379337000,Person-1,0001,50.46309015,30.32813339,130.3,0,0,0
1636379341000,Person-1,0001,50.46306680,30.32820459,130.3,0,0,0
1636379345000,Person-1,0001,50.46303956,30.32827364,130.1,0,0,0
1636379349000,Person-1,0001,50.46300964,30.32833744,130.2,0,0,0
1636379353000,Person-1,0001,50.46297937,30.32840364,130.3,0,0,0
1636379357000,Person-1,0001,50.46295427,30.32847157,130.4,0,0,0
1636379361000,Person-1,0001,50.46293376,30.32854934,130.5,0,0,0
1636379365000,Person-1,0001,50.46291173,30.32862612,130.6,0,0,0
1636379369000,Person-1,0001,50.46288709,30.32869922,130.7,0,0,0
1636379373000,Person-1,0001,50.46286115,30.32877183,130.5,0,0,0
1636379377000,Person-1,0001,50.46283184,30.32883723,130.4,0,0,0
1636379381000,Person-1,0001,50.46281475,30.32891216,130.6,0,0,0
1636379385000,Person-1,0001,50.46280006,30.32898505,130.7,0,0,0
1636379389000,Person-1,0001,50.46276177,30.32903514,131.0,0,0,0
1636379393000,Person-1,0001,50.46272042,30.32906302,131.1,0,0,0
1636379397000,Person-1,0001,50.46268334,30.32910411,131.2,0,0,0
1636379402000,Person-1,0001,50.46263174,30.32912494,131.4,0,0,0
1636379450000,Person-1,0001,50.46261377,30.32920906,131.7,0,0,0
1636379454000,Person-1,0001,50.46257886,30.32926897,132.6,0,0,0
1636379458000,Person-1,0001,50.46254113,30.32930732,133.5,0,0,0
1636379462000,Person-1,0001,50.46250381,30.32935028,133.9,0,0,0
1636379466000,Person-1,0001,50.46247082,30.32940409,134.0,0,0,0
1636379470000,Person-1,0001,50.46243600,30.32945010,133.6,0,0,0
1636379474000,Person-1,0001,50.46239909,30.32949760,133.5,0,0,0
1636379478000,Person-1,0001,50.46236320,30.32955222,133.5,0,0,0
1636379482000,Person-1,0001,50.46232604,30.32961023,133.5,0,0,0
1636379486000,Person-1,0001,50.46228870,30.32965772,133.3,0,0,0
1636379490000,Person-1,0001,50.46224887,30.32969675,132.8,0,0,0
1636379494000,Person-1,0001,50.46221244,30.32974605,132.3,0,0,0
1636379498000,Person-1,0001,50.46216601,30.32980683,132.0,0,0,0
1636379502000,Person-1,0001,50.46212007,30.32985890,131.9,0,0,0
1636379506000,Person-1,0001,50.46207740,30.32988925,131.7,0,0,0
1636379510000,Person-1,0001,50.46203477,30.32992448,131.8,0,0,0
1636379514000,Person-1,0001,50.46198985,30.32995362,131.5,0,0,0
1636379518000,Person-1,0001,50.46193935,30.32997542,131.7,0,0,0
1636379522000,Person-1,0001,50.46188904,30.32999438,132.1,0,0,0
1636379526000,Person-1,0001,50.46184216,30.33000683,132.2,0,0,0
1636379531000,Person-1,0001,50.46178792,30.33003037,132.0,0,0,0
1636379535000,Person-1,0001,50.46174114,30.33005548,132.1,0,0,0
1636379539000,Person-1,0001,50.46169905,30.33008997,131.6,0,0,0
1636379542000,Person-1,0001,50.46166129,30.33013518,132.1,0,0,0
1636379546000,Person-1,0001,50.46161663,30.33018325,132.0,0,0,0
1636379550000,Person-1,0001,50.46158310,30.33023040,131.7,0,0,0
1636379554000,Person-1,0001,50.46155147,30.33028774,131.1,0,0,0
1636379558000,Person-1,0001,50.46152263,30.33034761,130.6,0,0,0
1636379561000,Person-1,0001,50.46149890,30.33040748,130.7,0,0,0
1636379565000,Person-1,0001,50.46147501,30.33048851,130.9,0,0,0
1636379569000,Person-1,0001,50.46145601,30.33056177,131.4,0,0,0
1636379573000,Person-1,0001,50.46144321,30.33063515,131.6,0,0,0
1636379577000,Person-1,0001,50.46143471,30.33071237,131.8,0,0,0
1636379581000,Person-1,0001,50.46142809,30.33079066,132.2,0,0,0
1636379585000,Person-1,0001,50.46141736,30.33086769,132.1,0,0,0
1636379589000,Person-1,0001,50.46141516,30.33094460,132.3,0,0,0
1636379593000,Person-1,0001,50.46142140,30.33102541,133.4,0,0,0
1636379597000,Person-1,0001,50.46142321,30.33109625,134.1,0,0,0
1636379601000,Person-1,0001,50.46143008,30.33116738,134.8,0,0,0
1636379605000,Person-1,0001,50.46142981,30.33124751,135.4,0,0,0
1636379608000,Person-1,0001,50.46143031,30.33132370,136.4,0,0,0
1636379611000,Person-1,0001,50.46143197,30.33139630,137.1,0,0,0
1636379615000,Person-1,0001,50.46143386,30.33147060,137.4,0,0,0
1636379619000,Person-1,0001,50.46143322,30.33154139,137.0,0,0,0
1636379623000,Person-1,0001,50.46143529,30.33161558,136.2,0,0,0
1636379627000,Person-1,0001,50.46143534,30.33168704,135.4,0,0,0
1636379632000,Person-1,0001,50.46144236,30.33177277,134.9,0,0,0
1636379636000,Person-1,0001,50.46144999,30.33185900,134.9,0,0,0
1636379640000,Person-1,0001,50.46146076,30.33193849,134.9,0,0,0
1636379644000,Person-1,0001,50.46146599,30.33201225,134.4,0,0,0
1636379648000,Person-1,0001,50.46146980,30.33210122,134.5,0,0,0
1636379652000,Person-1,0001,50.46146822,30.33217431,134.3,0,0,0
1636379656000,Person-1,0001,50.46147189,30.33225920,134.3,0,0,0
1636379660000,Person-1,0001,50.46147795,30.33233655,134.2,0,0,0
1636379664000,Person-1,0001,50.46148429,30.33241595,134.5,0,0,0
1636379667000,Person-1,0001,50.46148603,30.33248973,135.3,0,0,0
1636379670000,Person-1,0001,50.46148803,30.33256229,136.5,0,0,0
1636379676000,Person-1,0001,50.46149920,30.33263668,137.7,0,0,0
1636379683000,Person-1,0001,50.46151807,30.33271472,138.1,0,0,0
1636379689000,Person-1,0001,50.46154038,30.33278011,137.6,0,0,0
1636379694000,Person-1,0001,50.46157602,30.33283877,137.2,0,0,0
1636379698000,Person-1,0001,50.46160497,30.33289620,137.1,0,0,0
1636379703000,Person-1,0001,50.46162756,30.33297081,136.9,0,0,0
1636379708000,Person-1,0001,50.46164177,30.33305419,136.7,0,0,0
1636379712000,Person-1,0001,50.46165479,30.33313617,136.3,0,0,0
1636379716000,Person-1,0001,50.46166218,30.33321203,136.1,0,0,0
1636379721000,Person-1,0001,50.46168611,30.33328876,135.7,0,0,0
1636379727000,Person-1,0001,50.46170775,30.33335892,135.1,0,0,0
1636379733000,Person-1,0001,50.46171657,30.33344249,135.4,0,0,0
1636379739000,Person-1,0001,50.46172618,30.33352464,136.0,0,0,0
1636379744000,Person-1,0001,50.46173273,30.33360697,135.9,0,0,0
1636379749000,Person-1,0001,50.46173160,30.33368702,135.1,0,0,0
1636379755000,Person-1,0001,50.46173974,30.33377098,134.9,0,0,0
1636379760000,Person-1,0001,50.46175384,30.33384927,134.5,0,0,0
1636379764000,Person-1,0001,50.46176725,30.33391988,134.7,0,0,0
1636379768000,Person-1,0001,50.46177074,30.33399541,134.5,0,0,0
1636379772000,Person-1,0001,50.46177565,30.33406950,134.3,0,0,0
1636379776000,Person-1,0001,50.46177277,30.33414014,134.3,0,0,0
1636379780000,Person-1,0001,50.46179000,30.33420698,134.6,0,0,0
1636379785000,Person-1,0001,50.46178988,30.33428864,134.5,0,0,0
1636379789000,Person-1,0001,50.46178839,30.33436393,134.1,0,0,0
1636379793000,Person-1,0001,50.46178632,30.33444704,134.0,0,0,0
1636379797000,Person-1,0001,50.46177956,30.33453752,133.9,0,0,0
1636379801000,Person-1,0001,50.46177248,30.33462484,134.1,0,0,0
1636379805000,Person-1,0001,50.46176125,30.33471024,134.5,0,0,0
1636379808000,Person-1,0001,50.46175227,30.33477956,134.6,0,0,0
1636379812000,Person-1,0001,50.46173589,30.33486001,134.8,0,0,0
1636379815000,Person-1,0001,50.46172314,30.33492798,135.2,0,0,0
1636379818000,Person-1,0001,50.46171056,30.33499791,135.5,0,0,0
1636379822000,Person-1,0001,50.46169429,30.33508776,135.9,0,0,0
1636379826000,Person-1,0001,50.46167656,30.33517345,136.3,0,0,0
1636379829000,Person-1,0001,50.46166259,30.33524672,136.8,0,0,0
1636379832000,Person-1,0001,50.46165494,30.33531660,137.4,0,0,0
1636379837000,Person-1,0001,50.46164187,30.33539785,137.9,0,0,0
1636379842000,Person-1,0001,50.46162118,30.33547162,137.9,0,0,0
1636379847000,Person-1,0001,50.46159790,30.33553825,138.3,0,0,0
1636379854000,Person-1,0001,50.46157933,30.33560488,138.2,0,0,0
1636379858000,Person-1,0001,50.46155755,30.33566969,138.0,0,0,0
1636379862000,Person-1,0001,50.46153317,30.33574613,138.3,0,0,0
1636379866000,Person-1,0001,50.46151004,30.33580919,138.3,0,0,0
1636379870000,Person-1,0001,50.46148516,30.33587139,138.0,0,0,0
1636379874000,Person-1,0001,50.46145690,30.33593430,137.2,0,0,0
1636379879000,Person-1,0001,50.46142925,30.33599395,137.2,0,0,0
1636379883000,Person-1,0001,50.46139920,30.33605384,137.4,0,0,0
1636379887000,Person-1,0001,50.46136802,30.33611651,137.2,0,0,0
1636379891000,Person-1,0001,50.46133714,30.33617410,137.1,0,0,0
1636379896000,Person-1,0001,50.46130483,30.33623314,137.0,0,0,0
1636379901000,Person-1,0001,50.46130028,30.33631142,136.6,0,0,0
1636379905000,Person-1,0001,50.46130754,30.33638484,136.6,0,0,0
1636379909000,Person-1,0001,50.46131700,30.33646087,136.5,0,0,0
1636379913000,Person-1,0001,50.46132482,30.33654171,136.0,0,0,0
1636379917000,Person-1,0001,50.46133391,30.33662057,135.4,0,0,0
1636379921000,Person-1,0001,50.46134099,30.33670107,134.5,0,0,0
1636379925000,Person-1,0001,50.46134089,30.33678857,133.3,0,0,0
1636379929000,Person-1,0001,50.46135494,30.33687060,133.0,0,0,0
1636379933000,Person-1,0001,50.46137695,30.33694967,133.1,0,0,0
1636379937000,Person-1,0001,50.46139077,30.33703203,133.1,0,0,0
1636379941000,Person-1,0001,50.46140677,30.33711601,133.0,0,0,0
1636379944000,Person-1,0001,50.46142408,30.33718206,132.9,0,0,0
1636379948000,Person-1,0001,50.46144288,30.33726518,133.0,0,0,0
1636379952000,Person-1,0001,50.46145321,30.33734526,132.2,0,0,0
1636379956000,Person-1,0001,50.46147329,30.33742498,131.5,0,0,0
1636379960000,Person-1,0001,50.46149246,30.33750499,130.8,0,0,0
1636379964000,Person-1,0001,50.46151447,30.33758505,130.5,0,0,0
1636379968000,Person-1,0001,50.46151498,30.33766749,131.0,0,0,0
1636379972000,Person-1,0001,50.46151360,30.33775301,131.9,0,0,0
1636379976000,Person-1,0001,50.46150549,30.33783698,133.3,0,0,0
1636379980000,Person-1,0001,50.46148079,30.33792041,135.0,0,0,0
1636379983000,Person-1,0001,50.46146274,30.33798694,136.4,0,0,0
1636379987000,Person-1,0001,50.46143611,30.33806914,137.5,0,0,0
1636379990000,Person-1,0001,50.46141796,30.33813930,138.1,0,0,0
1636379994000,Person-1,0001,50.46141174,30.33822955,138.5,0,0,0
1636379997000,Person-1,0001,50.46141102,30.33831045,138.9,0,0,0
1636380000000,Person-1,0001,50.46141435,30.33839327,139.1,0,0,0
1636380003000,Person-1,0001,50.46142142,30.33849633,138.4,0,0,0
1636380006000,Person-1,0001,50.46143348,30.33859602,135.7,0,0,0
1636380009000,Person-1,0001,50.46144120,30.33869495,135.6,0,0,0
1636380012000,Person-1,0001,50.46143979,30.33876898,135.3,0,0,0
1636380017000,Person-1,0001,50.46143835,30.33885918,132.4,0,0,0
1636380020000,Person-1,0001,50.46142165,30.33893844,130.2,0,0,0
1636380023000,Person-1,0001,50.46140033,30.33901642,128.5,0,0,0
1636380026000,Person-1,0001,50.46137317,30.33907295,128.4,0,0,0
1636380030000,Person-1,0001,50.46133196,30.33913731,129.1,0,0,0
1636380033000,Person-1,0001,50.46129199,30.33917978,130.2,0,0,0
1636380036000,Person-1,0001,50.46125336,30.33923306,131.6,0,0,0
1636380040000,Person-1,0001,50.46121966,30.33929740,133.8,0,0,0
1636380045000,Person-1,0001,50.46120775,30.33937842,138.0,0,0,0
1636380049000,Person-1,0001,50.46120182,30.33947505,141.2,0,0,0
1636380052000,Person-1,0001,50.46120953,30.33955144,143.5,0,0,0
1636380056000,Person-1,0001,50.46121730,30.33962930,145.4,0,0,0
1636380060000,Person-1,0001,50.46122625,30.33971307,146.9,0,0,0
1636380064000,Person-1,0001,50.46122407,30.33978983,146.8,0,0,0
1636380068000,Person-1,0001,50.46121764,30.33986888,146.4,0,0,0
1636380072000,Person-1,0001,50.46122050,30.33996124,146.3,0,0,0
1636380076000,Person-1,0001,50.46122090,30.34004972,145.6,0,0,0
1636380080000,Person-1,0001,50.46122435,30.34013405,144.7,0,0,0
1636380083000,Person-1,0001,50.46122935,30.34020868,144.4,0,0,0
1636380087000,Person-1,0001,50.46123093,30.34029730,143.3,0,0,0
1636380091000,Person-1,0001,50.46122928,30.34038440,142.6,0,0,0
1636380095000,Person-1,0001,50.46122724,30.34047987,142.3,0,0,0
1636380098000,Person-1,0001,50.46122818,30.34055136,142.1,0,0,0
1636380102000,Person-1,0001,50.46123729,30.34063415,142.4,0,0,0
1636380106000,Person-1,0001,50.46123596,30.34071952,142.4,0,0,0
1636380109000,Person-1,0001,50.46121994,30.34080142,143.2,0,0,0
1636380112000,Person-1,0001,50.46119444,30.34086919,143.7,0,0,0
1636380116000,Person-1,0001,50.46115596,30.34092163,143.8,0,0,0
1636380120000,Person-1,0001,50.46111574,30.34096968,143.2,0,0,0
1636380124000,Person-1,0001,50.46107650,30.34101515,142.4,0,0,0
1636380128000,Person-1,0001,50.46103824,30.34107285,141.5,0,0,0
1636380132000,Person-1,0001,50.46099750,30.34113635,141.1,0,0,0
1636380136000,Person-1,0001,50.46095536,30.34119630,141.3,0,0,0
1636380140000,Person-1,0001,50.46091157,30.34125093,140.8,0,0,0
1636380144000,Person-1,0001,50.46086821,30.34130309,140.7,0,0,0
1636380148000,Person-1,0001,50.46082494,30.34135591,140.9,0,0,0
1636380152000,Person-1,0001,50.46077817,30.34140767,140.9,0,0,0
1636380156000,Person-1,0001,50.46073418,30.34145982,140.5,0,0,0
1636380159000,Person-1,0001,50.46069253,30.34151270,141.1,0,0,0
1636380162000,Person-1,0001,50.46065119,30.34156276,141.7,0,0,0
1636380166000,Person-1,0001,50.46060340,30.34161587,141.4,0,0,0
1636380170000,Person-1,0001,50.46055981,30.34167228,140.6,0,0,0
1636380174000,Person-1,0001,50.46051716,30.34172947,140.0,0,0,0
1636380178000,Person-1,0001,50.46047373,30.34178525,139.7,0,0,0
1636380181000,Person-1,0001,50.46043809,30.34182832,139.7,0,0,0
1636380185000,Person-1,0001,50.46039477,30.34188176,139.2,0,0,0
1636380189000,Person-1,0001,50.46035020,30.34193051,138.2,0,0,0
1636380193000,Person-1,0001,50.46030334,30.34197759,137.5,0,0,0
1636380197000,Person-1,0001,50.46025512,30.34203070,137.3,0,0,0
1636380201000,Person-1,0001,50.46021150,30.34208603,136.7,0,0,0
1636380205000,Person-1,0001,50.46017396,30.34214882,136.3,0,0,0
1636380209000,Person-1,0001,50.46016256,30.34222455,135.5,0,0,0
1636380213000,Person-1,0001,50.46013867,30.34230577,136.0,0,0,0
1636380217000,Person-1,0001,50.46012376,30.34238574,136.7,0,0,0
1636380221000,Person-1,0001,50.46010779,30.34246385,137.0,0,0,0
1636380225000,Person-1,0001,50.46009454,30.34254904,136.6,0,0,0
1636380229000,Person-1,0001,50.46008569,30.34263427,136.2,0,0,0
1636380233000,Person-1,0001,50.46008227,30.34272223,135.9,0,0,0
1636380237000,Person-1,0001,50.46007157,30.34281396,135.5,0,0,0
1636380241000,Person-1,0001,50.46004968,30.34289965,135.4,0,0,0
1636380245000,Person-1,0001,50.46002097,30.34297532,135.0,0,0,0
1636380249000,Person-1,0001,50.45999256,30.34304607,135.4,0,0,0
1636380253000,Person-1,0001,50.45996769,30.34311670,135.7,0,0,0
1636380257000,Person-1,0001,50.45995379,30.34319503,135.8,0,0,0
1636380261000,Person-1,0001,50.45995729,30.34327507,135.2,0,0,0
1636380265000,Person-1,0001,50.45996013,30.34335879,134.1,0,0,0
1636380269000,Person-1,0001,50.45995620,30.34344270,132.8,0,0,0
1636380273000,Person-1,0001,50.45995063,30.34352895,131.4,0,0,0
1636380276000,Person-1,0001,50.45994108,30.34360120,130.8,0,0,0
1636380280000,Person-1,0001,50.45993596,30.34368984,129.7,0,0,0
1636380283000,Person-1,0001,50.45993729,30.34376079,129.1,0,0,0
1636380286000,Person-1,0001,50.45993106,30.34384814,130.1,0,0,0
1636380289000,Person-1,0001,50.45992813,30.34391991,131.7,0,0,0
1636380293000,Person-1,0001,50.45993204,30.34400339,133.8,0,0,0
1636380297000,Person-1,0001,50.45994574,30.34408171,134.6,0,0,0
1636380301000,Person-1,0001,50.45995766,30.34416788,135.9,0,0,0
1636380305000,Person-1,0001,50.45997114,30.34425671,136.6,0,0,0
1636380309000,Person-1,0001,50.45996536,30.34433419,138.4,0,0,0
1636380314000,Person-1,0001,50.45992218,30.34435946,141.3,0,0,0
1636380323000,Person-1,0001,50.45987668,30.34436479,143.6,0,0,0
1636380486000,Person-1,0001,50.45995783,30.34432796,138.4,0,0,0
1636380489000,Person-1,0001,50.45995055,30.34425578,138.0,0,0,0
1636380492000,Person-1,0001,50.45994204,30.34418102,136.7,0,0,0
1636380496000,Person-1,0001,50.45993231,30.34409392,135.3,0,0,0
1636380500000,Person-1,0001,50.45990615,30.34400983,135.6,0,0,0
1636380503000,Person-1,0001,50.45988392,30.34394805,135.6,0,0,0
1636380507000,Person-1,0001,50.45985132,30.34387303,135.4,0,0,0
1636380510000,Person-1,0001,50.45983648,30.34380657,136.0,0,0,0
1636380514000,Person-1,0001,50.45981017,30.34373982,137.1,0,0,0
1636380518000,Person-1,0001,50.45978489,30.34366812,138.1,0,0,0
1636380522000,Person-1,0001,50.45977236,30.34357918,138.2,0,0,0
1636380526000,Person-1,0001,50.45977490,30.34348991,138.6,0,0,0
1636380530000,Person-1,0001,50.45978755,30.34340281,137.9,0,0,0
1636380534000,Person-1,0001,50.45979856,30.34331728,138.2,0,0,0
1636380538000,Person-1,0001,50.45981011,30.34322494,138.4,0,0,0
1636380541000,Person-1,0001,50.45980865,30.34315378,138.6,0,0,0
1636380545000,Person-1,0001,50.45980639,30.34305705,139.4,0,0,0
1636380548000,Person-1,0001,50.45980178,30.34297319,140.1,0,0,0
1636380551000,Person-1,0001,50.45980155,30.34289299,141.1,0,0,0
1636380554000,Person-1,0001,50.45980168,30.34282014,141.4,0,0,0
1636380557000,Person-1,0001,50.45980276,30.34274668,141.8,0,0,0
1636380561000,Person-1,0001,50.45980731,30.34265416,141.7,0,0,0
1636380564000,Person-1,0001,50.45980847,30.34257713,141.9,0,0,0
1636380567000,Person-1,0001,50.45980896,30.34249565,142.4,0,0,0
1636380570000,Person-1,0001,50.45981268,30.34241963,142.8,0,0,0
1636380573000,Person-1,0001,50.45981444,30.34234910,143.6,0,0,0
1636380577000,Person-1,0001,50.45982489,30.34226324,142.8,0,0,0
1636380581000,Person-1,0001,50.45983866,30.34217733,142.5,0,0,0
1636380584000,Person-1,0001,50.45984189,30.34210309,141.4,0,0,0
1636380587000,Person-1,0001,50.45984564,30.34202849,140.7,0,0,0
1636380590000,Person-1,0001,50.45984677,30.34195561,140.6,0,0,0
1636380593000,Person-1,0001,50.45984903,30.34188336,140.7,0,0,0
1636380596000,Person-1,0001,50.45984847,30.34180626,141.9,0,0,0
1636380599000,Person-1,0001,50.45984603,30.34173055,142.5,0,0,0
1636380602000,Person-1,0001,50.45983573,30.34165919,142.3,0,0,0
1636380606000,Person-1,0001,50.45982094,30.34157263,140.9,0,0,0
1636380609000,Person-1,0001,50.45981275,30.34149773,140.8,0,0,0
1636380612000,Person-1,0001,50.45980001,30.34141941,141.3,0,0,0
1636380616000,Person-1,0001,50.45978187,30.34134168,140.3,0,0,0
1636380620000,Person-1,0001,50.45973595,30.34134481,138.1,0,0,0
1636380624000,Person-1,0001,50.45967759,30.34136613,136.9,0,0,0
1636380628000,Person-1,0001,50.45961943,30.34138999,136.1,0,0,0
1636380631000,Person-1,0001,50.45957482,30.34140335,135.2,0,0,0
1636380634000,Person-1,0001,50.45952904,30.34140987,134.6,0,0,0
1636380637000,Person-1,0001,50.45948440,30.34142559,134.4,0,0,0
1636380640000,Person-1,0001,50.45943670,30.34143503,134.4,0,0,0
1636380643000,Person-1,0001,50.45938912,30.34144566,134.7,0,0,0
1636380646000,Person-1,0001,50.45934096,30.34145032,135.0,0,0,0
1636380649000,Person-1,0001,50.45929331,30.34145682,135.4,0,0,0
1636380652000,Person-1,0001,50.45924668,30.34146796,136.2,0,0,0
1636380655000,Person-1,0001,50.45920089,30.34147738,136.5,0,0,0
1636380658000,Person-1,0001,50.45915177,30.34148701,136.7,0,0,0
1636380661000,Person-1,0001,50.45910381,30.34150254,137.0,0,0,0
1636380664000,Person-1,0001,50.45905752,30.34151518,137.3,0,0,0
1636380668000,Person-1,0001,50.45899801,30.34152304,137.2,0,0,0
1636380671000,Person-1,0001,50.45895097,30.34153134,137.3,0,0,0
1636380674000,Person-1,0001,50.45889532,30.34152584,137.9,0,0,0
1636380677000,Person-1,0001,50.45885032,30.34152821,138.3,0,0,0
1636380680000,Person-1,0001,50.45880165,30.34152964,138.1,0,0,0
1636380684000,Person-1,0001,50.45874652,30.34153981,138.6,0,0,0
1636380688000,Person-1,0001,50.45869197,30.34154819,138.8,0,0,0
1636380692000,Person-1,0001,50.45863472,30.34155753,138.3,0,0,0
1636380696000,Person-1,0001,50.45857607,30.34157282,138.7,0,0,0
1636380700000,Person-1,0001,50.45851889,30.34158730,139.6,0,0,0
1636380704000,Person-1,0001,50.45846133,30.34159925,140.1,0,0,0
1636380708000,Person-1,0001,50.45840226,30.34160159,140.9,0,0,0
1636380711000,Person-1,0001,50.45835702,30.34160259,140.8,0,0,0
1636380714000,Person-1,0001,50.45831126,30.34160418,140.7,0,0,0
1636380718000,Person-1,0001,50.45825101,30.34160218,139.9,0,0,0
1636380721000,Person-1,0001,50.45819994,30.34158030,140.0,0,0,0
1636380725000,Person-1,0001,50.45816217,30.34151590,139.7,0,0,0
1636380729000,Person-1,0001,50.45813825,30.34143366,138.9,0,0,0
1636380733000,Person-1,0001,50.45811204,30.34135467,138.4,0,0,0
1636380737000,Person-1,0001,50.45808095,30.34128046,138.4,0,0,0
1636380741000,Person-1,0001,50.45804908,30.34120207,137.9,0,0,0
1636380745000,Person-1,0001,50.45801982,30.34112148,137.1,0,0,0
1636380749000,Person-1,0001,50.45799132,30.34104042,136.5,0,0,0
1636380753000,Person-1,0001,50.45795628,30.34097000,137.0,0,0,0
1636380757000,Person-1,0001,50.45792606,30.34089949,135.1,0,0,0
1636380761000,Person-1,0001,50.45790583,30.34081855,134.7,0,0,0
1636380765000,Person-1,0001,50.45788463,30.34073854,134.3,0,0,0
1636380769000,Person-1,0001,50.45785634,30.34066350,134.3,0,0,0
1636380773000,Person-1,0001,50.45781594,30.34059654,134.0,0,0,0
1636380777000,Person-1,0001,50.45778645,30.34051953,134.4,0,0,0
1636380781000,Person-1,0001,50.45775432,30.34044719,134.7,0,0,0
1636380785000,Person-1,0001,50.45771590,30.34038152,136.3,0,0,0
1636380789000,Person-1,0001,50.45768137,30.34030796,137.2,0,0,0
1636380793000,Person-1,0001,50.45764743,30.34023429,137.7,0,0,0
1636380796000,Person-1,0001,50.45762373,30.34017344,138.0,0,0,0
1636380799000,Person-1,0001,50.45759686,30.34010766,138.2,0,0,0
1636380802000,Person-1,0001,50.45756231,30.34005134,139.0,0,0,0
1636380805000,Person-1,0001,50.45753200,30.33998925,140.0,0,0,0
1636380809000,Person-1,0001,50.45752074,30.33990401,140.9,0,0,0
1636380813000,Person-1,0001,50.45750688,30.33982295,141.2,0,0,0
1636380817000,Person-1,0001,50.45749640,30.33973727,141.0,0,0,0
1636380821000,Person-1,0001,50.45749657,30.33965077,140.8,0,0,0
1636380825000,Person-1,0001,50.45747999,30.33956636,140.7,0,0,0
1636380828000,Person-1,0001,50.45745914,30.33950272,139.4,0,0,0
1636380831000,Person-1,0001,50.45745404,30.33943227,138.5,0,0,0
1636380835000,Person-1,0001,50.45748533,30.33936021,136.7,0,0,0
1636380839000,Person-1,0001,50.45753253,30.33930473,134.9,0,0,0
1636380842000,Person-1,0001,50.45757083,30.33926381,134.6,0,0,0
1636380846000,Person-1,0001,50.45760030,30.33918699,134.8,0,0,0
1636380849000,Person-1,0001,50.45760454,30.33910926,135.0,0,0,0
1636380853000,Person-1,0001,50.45762019,30.33902206,134.5,0,0,0
1636380857000,Person-1,0001,50.45765176,30.33894560,133.8,0,0,0
1636380861000,Person-1,0001,50.45769468,30.33888931,132.8,0,0,0
1636380865000,Person-1,0001,50.45774112,30.33883626,132.3,0,0,0
1636380868000,Person-1,0001,50.45778074,30.33879602,132.1,0,0,0
1636380871000,Person-1,0001,50.45782645,30.33875684,132.2,0,0,0
1636380875000,Person-1,0001,50.45787593,30.33872053,132.1,0,0,0
1636380879000,Person-1,0001,50.45792194,30.33867080,131.8,0,0,0
1636380883000,Person-1,0001,50.45796734,30.33861409,131.2,0,0,0
1636380886000,Person-1,0001,50.45800025,30.33856500,130.8,0,0,0
1636380889000,Person-1,0001,50.45802801,30.33849969,130.6,0,0,0
1636380892000,Person-1,0001,50.45806182,30.33845129,130.3,0,0,0
1636380896000,Person-1,0001,50.45810672,30.33839907,129.1,0,0,0
1636380899000,Person-1,0001,50.45811979,30.33831984,129.2,0,0,0
1636380902000,Person-1,0001,50.45812113,30.33824283,130.2,0,0,0
1636380905000,Person-1,0001,50.45812296,30.33816474,131.3,0,0,0
1636380908000,Person-1,0001,50.45813228,30.33809125,131.3,0,0,0
1636380911000,Person-1,0001,50.45813375,30.33801691,131.2,0,0,0
1636380915000,Person-1,0001,50.45812945,30.33793075,131.8,0,0,0
1636380919000,Person-1,0001,50.45813990,30.33785713,133.5,0,0,0
1636380923000,Person-1,0001,50.45815777,30.33777503,134.8,0,0,0
1636380926000,Person-1,0001,50.45818585,30.33770145,136.4,0,0,0
1636380929000,Person-1,0001,50.45820601,30.33763077,137.5,0,0,0
1636380933000,Person-1,0001,50.45823354,30.33755137,139.3,0,0,0
1636380937000,Person-1,0001,50.45827875,30.33749798,141.6,0,0,0
1636380941000,Person-1,0001,50.45833670,30.33748178,143.1,0,0,0
1636380944000,Person-1,0001,50.45838060,30.33750978,144.0,0,0,0
1636380947000,Person-1,0001,50.45842518,30.33753662,144.5,0,0,0
1636380950000,Person-1,0001,50.45848085,30.33754218,144.8,0,0,0
1636380954000,Person-1,0001,50.45852204,30.33759619,144.8,0,0,0
1636380959000,Person-1,0001,50.45852727,30.33768353,144.1,0,0,0
1636380963000,Person-1,0001,50.45848199,30.33771154,142.1,0,0,0
1636380967000,Person-1,0001,50.45842725,30.33769834,140.1,0,0,0
